{
  "dice": 0.09776121028146142,
  "f1": 0.4089224173076344,
  "hd95_px": 84.9136358417623,
  "iou": 0.05508126164694434,
  "precision": 0.15528043846507378,
  "recall": 0.4474417411129695,
  "region_0_dice": 0.013744273338861107,
  "region_0_f1": 0.4512053316996445,
  "region_0_hd95_px": 52.390914962972865,
  "region_0_iou": 0.006967905526669285,
  "region_0_precision": 0.3036810542280644,
  "region_0_recall": 0.007031250121923492,
  "region_1_dice": 0.24941383445620743,
  "region_1_f1": 0.24941460590025993,
  "region_1_hd95_px": 99.52210208944985,
  "region_1_iou": 0.14274524952242476,
  "region_1_precision": 0.14662963127539008,
  "region_1_recall": 0.8352939692169851,
  "region_2_dice": 0.030125523049315744,
  "region_2_f1": 0.5261473143229989,
  "region_2_hd95_px": 102.82789047286421,
  "region_2_iou": 0.015530629891739001,
  "region_2_precision": 0.0155306298917669,
  "region_2_recall": 0.500000004,
  "union_dice": 0.2910494562569935,
  "union_f1": 0.29105014651879973,
  "union_hd95_px": 97.15251578265409,
  "union_iou": 0.17083970617194782,
  "union_precision": 0.17512823829784763,
  "union_recall": 0.8636676083324032
}