{
  "dice": 0.5256901926480266,
  "f1": 0.5256906080284443,
  "hd95_px": 38.350441445827,
  "iou": 0.38608132941265383,
  "precision": 0.47389319957519527,
  "recall": 0.8146916598865223,
  "region_0_dice": 0.3439352712490433,
  "region_0_f1": 0.3439358767736396,
  "region_0_hd95_px": 8.01404941860772,
  "region_0_iou": 0.21208827767387828,
  "region_0_precision": 0.43585636850718834,
  "region_0_recall": 0.6440270563702667,
  "region_1_dice": 0.5790281436884038,
  "region_1_f1": 0.5790285452240027,
  "region_1_hd95_px": 41.68940023137532,
  "region_1_iou": 0.45951780574769585,
  "region_1_precision": 0.48137298002266227,
  "region_1_recall": 0.8577712543008296,
  "region_2_dice": 0.654107163006633,
  "region_2_f1": 0.6541074020876905,
  "region_2_hd95_px": 65.34787468749796,
  "region_2_iou": 0.48663790481638725,
  "region_2_precision": 0.5044502501957353,
  "region_2_recall": 0.9422766689884705,
  "union_dice": 0.8142191507833831,
  "union_f1": 0.8142192626145663,
  "union_hd95_px": 49.953101851453454,
  "union_iou": 0.6871764406913141,
  "union_precision": 0.7096361170819601,
  "union_recall": 0.9559093567419764
}