case_id,dice,f1,hd95_px,iou,precision,recall,region_0_dice,region_0_f1,region_0_hd95_px,region_0_iou,region_0_precision,region_0_recall,region_1_dice,region_1_f1,region_1_hd95_px,region_1_iou,region_1_precision,region_1_recall,region_2_dice,region_2_f1,region_2_hd95_px,region_2_iou,region_2_precision,region_2_recall,union_dice,union_f1,union_hd95_px,union_iou,union_precision,union_recall
153,0.5725633932223865,0.5725637361783215,38.189457061339475,0.44333315512270993,0.45529982661578333,0.9679365140303634,0.24408870623526382,0.24408938778974187,11.445523142259598,0.13900970238557883,0.13961693562842456,0.9696616103037787,0.8473211398471188,0.8473212289859023,31.63858403911275,0.7350886436277508,0.7681598798772431,0.9446725816242565,0.6262803335847767,0.6262805917593203,71.48426400264607,0.4559011193548,0.4581226643416823,0.9894753501630549,0.8351191822805561,0.8351192793839541,43.96873861911892,0.7169138418095755,0.7404404300986472,0.9575607033654499
194,0.4788169920736669,0.4788174798785671,38.51142583031453,0.3288295037025977,0.49248657253460726,0.6614468057426811,0.4437818362628227,0.4437823657575374,4.58257569495584,0.2851668529621777,0.7320958013859521,0.31839250243675465,0.31073514752968884,0.3107358614621031,51.7402164236379,0.18394696786764084,0.1945860801680814,0.7708699269774028,0.6819339924284892,0.6819342124160608,59.21148537234985,0.5173746902779746,0.5507778360497882,0.895077987813886,0.7933191192862101,0.7933192458451785,55.937465083787984,0.6574390395730526,0.678831804065273,0.954258010118503
