case_id,dice,f1,hd95_px,iou,precision,recall,region_0_dice,region_0_f1,region_0_hd95_px,region_0_iou,region_0_precision,region_0_recall,region_1_dice,region_1_f1,region_1_hd95_px,region_1_iou,region_1_precision,region_1_recall,region_2_dice,region_2_f1,region_2_hd95_px,region_2_iou,region_2_precision,region_2_recall,union_dice,union_f1,union_hd95_px,union_iou,union_precision,union_recall
311,0.12136695434663598,0.12136800747882041,72.36251826442917,0.06844434356846138,0.2672615610084519,0.6368380518663422,0.027488546573998535,0.027490111677793815,21.6794833886788,0.01393581094961489,0.6073619655990063,0.014062500140047939,0.2763612703883781,0.27636195319106827,98.42611435405755,0.16033595999339142,0.16336145766397153,0.8964516554589785,0.060251046077531324,0.06025195756759915,96.98195705055116,0.03106125976237784,0.03106125976237784,1.0,0.3274372877841346,0.32743788516788785,98.36234033768,0.195769812035938,0.19883429768416516,0.9270190944191862
325,0.07415546621628687,0.6964768271364484,97.46475341909543,0.0417181797254273,0.043299315921695676,0.2580454303595969,1.0372368010541191e-10,0.8749205517214952,83.10234653726692,1.0372368010541191e-10,1.428571224489825e-07,1.037990450380113e-10,0.22246639852403677,0.22246725860945163,100.61808982484213,0.1251545390514581,0.12989780488680863,0.7741362829749916,2.110016247080581e-11,0.9920426710783986,108.67382389517726,2.110016247080581e-11,2.115596174957358e-11,7.999999936000001e-09,0.2546616247298525,0.2546624078697116,95.94269122762817,0.14590960030795766,0.15142217891153006,0.8003161222456202
